Case No,Incident Type,Barangay,Incident Date,Date Filed,Status,Accused,Accused Address,Accused Contact,Complainant,Complainant Address,Complainant Contact,Modus Operandi,Prosecutor,Branch,NPS Docket,Offense/Crime,Date Committed,Bail Recommended,Received By,Received Date,Returned To,Returned Date,Evidence Notes,Latitude,Longitude,Attachments
CYBER-2025-0012,Online Libel,Brgy. VI-A,2025-04-01,2025-04-02,Open,,,,"Maria Santos","San Pablo City, Laguna","0917XXXXXXX","Defamatory post on Facebook","Fiscal Ana Lopez","Branch 1","IV-01-INV-25D-0012","RA 10175 Sec 4(c)(4) - Online Libel","2025-04-01 09:00","10000","SPO1 Reyes","2025-04-02 10:00",,,,14.0736,121.3234,
CYBER-2025-0013,Sextortion,Brgy. V-B,2025-05-10,2025-05-11,Under Investigation,"(Unknown)","","","Juana Gomez","San Pablo City, Laguna","0918XXXXXXX","Threatening to release private photos","Atty. Maria Reyes","Branch 3","IV-01-INV-25E-0015","RA 9995 (Anti-Photo/Video Voyeurism)","2025-05-10 14:30","40000","P/Cpl. Cruz","2025-05-11 11:00",,,,14.0736,121.3249,
CYBER-2025-0014,Online Fraud,Brgy. III-D,2025-06-15,2025-06-16,Open,"Shopee Seller (Alias)","","","Pedro Penduko","San Pablo City, Laguna","pedro.p@email.com","Non-delivery of paid item","Atty. Juan Cruz","","IV-01-INV-25F-0001","Estafa (Art. 315 RPC)","2025-06-15 12:00","20000","SPO1 Reyes","2025-06-16 15:00",,,,14.0702,121.3313,
CYBER-2025-0015,Phishing,Brgy. IV-A,2025-07-01,2025-07-01,Closed,,,,"Mark Lito","San Pablo City, Laguna","0922XXXXXXX","Fake BPI email link","Atty. Maria Reyes","Branch 2","IV-01-INV-25G-0020","RA 10175 Sec 4(b)(3)","2025-07-01 11:15","","P/Cpl. Gomez","2025-07-01 13:00","","",,14.0723,121.3292,
CYBER-2025-0016,Identity Theft,Brgy. II-A,2025-07-05,2025-07-07,Under Investigation,"Jane Doe (Alias)","","","Carlos Dizon","San Pablo City, Laguna","carlos@email.com","Used complainant's name for loan","Fiscal Ana Lopez","Branch 1","IV-01-INV-25G-0031","RA 10175 Sec 4(b)(3)","2025-07-05 18:00","50000","SPO1 Reyes","2025-07-07 09:30",,,,14.0632,121.3196,
CYBER-2025-0017,Cyber Harassment,Brgy. VI-B,2025-08-10,2025-08-11,Open,,,,"Angela Reyes","San Pablo City, Laguna","0919XXXXXXX","Unwanted repeated calls/texts","Atty. Pedro Jose","","IV-01-INV-25H-0005","RA 10175 Sec 4(c)(3)","2025-08-10 20:00","","P/Cpl. Cruz","2025-08-11 16:00",,,,14.0785,121.3233,
CYBER-2025-0018,Others,Brgy. I-A,2025-08-12,2025-08-12,Open,,,,"Sitel Corp.","San Pablo City, Laguna","legal@sitel.ph","Data Breach (unauthorized access)","Fiscal Ana Lopez","Branch 3","IV-01-INV-25H-0010","RA 10173 (Data Privacy Act)","2025-08-12 00:00","","SPO1 Reyes","2025-08-12 10:00",,,,14.0733,121.3163,
CYBER-2025-0019,Online Libel,Brgy. VII-B,2025-09-01,2025-09-05,Under Investigation,"(Unknown FB User)","","","Miguel Castro","San Pablo City, Laguna","miguel.c@email.com","Malicious public post","Atty. Juan Cruz","Branch 2","IV-01-INV-25I-0001","RA 10175 Sec 4(c)(4)","2025-09-01 13:00","10000","P/Cpl. Gomez","2025-09-05 14:00",,,,14.0697,121.3239,
CYBER-2025-0020,Online Fraud,Brgy. Santo Angel,2025-10-20,2025-10-22,Open,,,,"Lito Manalo","San Pablo City, Laguna","0933XXXXXXX","GCash scam 'Palit-Peso'","Atty. Maria Reyes","","IV-01-INV-25J-0045","Estafa (Art. 315 RPC)","2025-10-20 17:00","2000","SPO1 Reyes","2025-10-22 11:30",,,,14.1019,121.3623,
CYBER-2025-0021,Phishing,Brgy. VI-A,2025-11-01,2025-11-03,Under Investigation,,,,"Emily Tan","San Pablo City, Laguna","emily.tan@email.com","Fake Netflix subscription renewal","Atty. Pedro Jose","Branch 1","IV-01-INV-25K-0002","RA 10175 Sec 4(b)(3)","2025-11-01 19:00","","P/Cpl. Cruz","2025-11-03 10:00",,,,14.0736,121.3234,
CYBER-2025-0022,Sextortion,Brgy. V-B,2025-11-05,2025-11-06,Under Investigation,"(Unknown)","","","Maria Clara","San Pablo City, Laguna","0916XXXXXXX","Threat to post intimate video","Fiscal Ana Lopez","Branch 3","IV-01-INV-25K-0010","RA 9995","2025-11-05 10:00","40000","SPO1 Reyes","2025-11-06 09:15",,,,14.0736,121.3249,
CYBER-2025-0023,Online Libel,Brgy. III-D,2025-11-10,2025-11-10,Open,,,,"Restaurant ABC","San Pablo City, Laguna","admin@resto.ph","Fake negative review with accusations","Atty. Juan Cruz","","IV-01-INV-25K-0011","RA 10175 Sec 4(c)(4)","2025-11-10 11:00","10000","P/Cpl. Gomez","2025-11-10 14:00",,,,14.0702,121.3313,
CYBER-2025-0024,Identity Theft,Brgy. IV-A,2025-11-12,2025-11-13,Open,,,,"Pedro Dela Cruz","San Pablo City, Laguna","pedro.dc@email.com","Fake Facebook profile using his photos","Atty. Maria Reyes","Branch 2","IV-01-INV-25K-0015","RA 10175 Sec 4(b)(3)","2025-11-12 16:30","","P/Cpl. Cruz","2025-11-13 10:00",,,,14.0723,121.3292,
CYBER-2025-0025,Online Fraud,Brgy. II-A,2025-11-15,2025-11-16,Under Investigation,"Carousell Seller (Alias)","","","Ana Santos","San Pablo City, Laguna","0927XXXXXXX","Fake designer bag sale","Fiscal Ana Lopez","Branch 1","IV-01-INV-25K-0020","Estafa (Art. 315 RPC)","2025-11-15 13:00","15000","SPO1 Reyes","2025-11-16 11:00",,,,14.0632,121.3196,
CYBER-2025-0026,Cyber Harassment,Brgy. VI-B,2025-11-18,2025-11-18,Open,,,,"Luis Manzano","San Pablo City, Laguna","0918XXXXXXX","Email bombing and spam texts","Atty. Pedro Jose","","IV-01-INV-25K-0021","RA 10175 Sec 4(c)(3)","2025-11-18 09:00","","P/Cpl. Gomez","2025-11-18 10:30",,,,14.0785,121.3233,
CYBER-2025-0027,Phishing,Brgy. I-A,2025-11-20,2025-11-21,Open,,,,"Elena Rosas","San Pablo City, Laguna","elena.r@email.com","Fake PayPal security alert","Atty. Juan Cruz","Branch 2","IV-01-INV-25K-0025","RA 10175 Sec 4(b)(3)","2025-11-20 19:00","","SPO1 Reyes","2025-11-21 14:00",,,,14.0733,121.3163,
CYBER-2025-0028,Online Fraud,Brgy. VII-B,2025-11-22,2025-11-22,Open,,,,"Tindahan ni Aling Nena","San Pablo City, Laguna","0945XXXXXXX","Fake supplier asking for payment","Atty. Maria Reyes","","IV-01-INV-25K-0028","Estafa (Art. 315 RPC)","2025-11-22 10:00","5000","P/Cpl. Cruz","2025-11-22 11:30",,,,14.0697,121.3239,
CYBER-2025-0029,Others,Brgy. Santo Angel,2025-11-24,2025-11-25,Under Investigation,,,,"Juan Tamad","San Pablo City, Laguna","juan.t@email.com","Hacked email account (unauthorized access)","Fiscal Ana Lopez","Branch 3","IV-01-INV-25K-0030","RA 10175 Sec 4(a)(1)","2025-11-24 08:00","","SPO1 Reyes","2025-11-25 09:00",,,,14.1019,121.3623,
CYBER-2025-0030,Online Libel,Brgy. VI-A,2025-11-26,2025-11-27,Open,,,,"Mario O'Hara","San Pablo City, Laguna","0917XXXXXXX","Slanderous comments in a live stream","Atty. Pedro Jose","Branch 1","IV-01-INV-25K-0032","RA 10175 Sec 4(c)(4)","2025-11-26 21:00","10000","P/Cpl. Gomez","2025-11-27 15:00",,,,14.0736,121.3234,
CYBER-2025-0031,Phishing,Brgy. V-B,2025-11-28,2025-11-28,Open,,,,"Clara Santos","San Pablo City, Laguna","clara@email.com","Fake Globe rewards link","Atty. Maria Reyes","","IV-01-INV-25K-0033","RA 10175 Sec 4(b)(3)","2025-11-28 12:00","","P/Cpl. Cruz","2025-11-28 13:00",,,,14.0736,121.3249,
